A0,A1,A2,A3,A4,A5,A6,A7,A8,A9,A10,A11,A12,A13,A14,A15,A16,A17,A18,A19,A20,A21,A22,A23,A24,A25,A26,A27,A28,A29,A30,A31,A32,A33,A34,A35,A36,A37,A38,A39,M0,M1,M2,M3,M4,M5,M6,M7,M8,M9,M10,M11,M12,M13,M14,M15,M16,M17,M18,M19,M20,M21,M22,M23,M24,M25,M26,M27,M28,M29,M30,M31,M32,M33,M34,M35,M36,M37,M38,M39
369,320,273,215,156,62,-75,-133,-173,-209,-242,-265,-291,-311,-329,-347,-363,-376,-386,-395,-404,-411,-416,-423,-426,-420,-388,-320,-230,-146,-72,-2,55,103,139,178,215,242,269,287,0,0,0,0,0,0,1,0,0,0,0,0,0,1,1,1,1,1,1,1,1,1,1,1,1,1,1,1,1,1,1,1,1,1,1,1,1,1,1,1
-419,-426,-422,-382,-316,-231,-161,-80,-14,37,88,131,170,199,228,258,282,305,318,333,344,358,365,378,388,391,388,357,317,269,210,155,85,18,-39,-96,-145,-204,-234,-265,1,1,1,1,1,1,1,1,1,1,1,1,1,1,1,1,1,0,0,0,0,0,1,1,0,0,0,0,0,0,0,0,1,0,1,1,0,0,0,0
292,321,335,347,360,370,379,388,391,388,359,312,261,199,155,85,33,-34,-90,-123,-169,-198,-234,-264,-287,-310,-326,-343,-362,-372,-384,-392,-401,-408,-414,-421,-425,-428,-415,-373,1,0,0,0,1,1,1,1,0,0,0,0,0,0,0,1,0,1,1,0,0,0,0,0,0,1,1,1,1,1,1,1,1,1,1,1,1,1,1,1
-211,-262,-284,-310,-328,-343,-363,-374,-385,-392,-402,-411,-415,-422,-425,-426,-404,-356,-267,-182,-94,-30,25,80,119,160,192,228,253,274,297,317,335,346,359,366,379,389,390,381,0,0,0,1,1,1,1,1,1,1,1,1,1,1,1,1,1,1,1,1,1,1,1,1,1,1,1,1,1,1,0,0,0,0,0,1,1,0,0,0
-25,66,115,152,184,220,246,269,294,311,326,337,352,366,371,384,390,393,368,332,277,224,172,100,50,-20,-76,-122,-168,-197,-234,-264,-283,-308,-324,-344,-359,-372,-384,-392,1,1,1,1,1,1,1,1,1,0,0,0,0,0,1,1,0,0,0,0,0,0,0,0,1,1,1,0,0,0,0,0,0,0,1,1,1,1,1,1
374,304,256,193,132,79,16,-41,-101,-144,-180,-219,-245,-277,-320,-339,-353,-367,-382,-389,-398,-406,-412,-420,-424,-428,-418,-383,-305,-230,-131,-59,2,57,98,145,184,217,245,268,0,0,0,0,0,0,1,1,1,0,0,0,0,0,1,1,1,1,1,1,1,1,1,1,1,1,1,1,1,1,1,1,1,1,1,1,1,1,1,1
-404,-415,-421,-425,-426,-412,-365,-289,-200,-114,-44,24,72,115,153,187,225,247,274,294,314,329,342,357,364,378,386,394,385,356,319,262,221,149,89,30,-37,-77,-133,-209,1,1,1,1,1,1,1,1,1,1,1,1,1,1,1,1,1,1,1,0,0,0,0,0,0,1,1,0,0,0,0,0,0,0,0,0,1,1,0,0
262,297,311,332,348,360,371,378,390,394,379,344,293,246,191,128,55,-8,-62,-118,-159,-200,-233,-262,-286,-305,-327,-343,-359,-374,-384,-395,-402,-411,-415,-422,-426,-424,-385,-316,1,0,0,0,0,0,0,1,0,0,0,0,0,0,0,0,1,1,0,0,0,0,0,0,0,1,1,1,1,1,1,1,1,1,1,1,1,1,1,1
-244,-284,-308,-330,-342,-358,-370,-382,-391,-399,-407,-413,-419,-424,-428,-420,-378,-316,-228,-115,-2,54,96,141,179,216,248,271,295,310,331,352,376,393,374,289,168,45,-65,-140,0,0,1,1,1,1,1,1,1,1,1,1,1,1,1,1,1,1,1,1,1,1,1,1,1,1,1,1,1,0,0,0,1,0,0,0,0,1,1,0
314,340,352,362,373,382,392,392,366,285,226,163,90,24,-32,-95,-132,-179,-215,-243,-272,-292,-315,-332,-349,-365,-377,-388,-397,-404,-412,-419,-423,-428,-422,-385,-316,-233,-151,-79,0,0,0,0,1,1,0,0,0,0,0,0,1,0,1,1,0,0,0,0,0,0,1,1,1,1,1,1,1,1,1,1,1,1,1,1,1,1,1,1
-329,-356,-370,-383,-390,-400,-411,-422,-428,-366,-271,-170,-98,-25,31,82,125,166,208,236,260,284,308,323,340,349,365,376,382,393,385,365,310,262,206,134,62,-5,-63,-124,1,1,1,1,1,1,1,1,1,1,1,1,1,1,1,1,1,1,1,1,1,1,0,0,0,0,0,1,1,0,0,0,0,0,0,0,1,1,0,0
221,263,286,306,324,340,352,364,370,382,393,389,374,331,299,241,173,127,54,-4,-68,-122,-152,-195,-222,-254,-278,-303,-324,-337,-353,-368,-382,-391,-400,-411,-423,-427,-402,-358,1,1,1,0,0,0,0,0,0,1,0,0,0,0,0,0,0,0,0,1,1,0,0,0,0,0,0,0,1,1,1,1,1,1,1,1,1,1,1,1
-209,-260,-286,-311,-329,-342,-358,-372,-384,-391,-400,-406,-412,-420,-424,-428,-420,-387,-315,-232,-140,-63,-7,105,140,180,212,240,263,288,311,326,342,353,366,376,382,393,392,370,0,0,0,0,1,1,1,1,1,1,1,1,1,1,1,1,1,1,1,1,1,1,1,1,1,1,1,1,1,1,0,0,0,0,0,1,1,0,0,0
53,127,158,185,218,248,276,294,317,340,365,374,386,395,385,357,305,262,194,130,69,7,-44,-107,-147,-188,-221,-248,-279,-300,-319,-339,-352,-368,-378,-390,-398,-406,-413,-419,1,1,1,1,1,1,1,1,0,0,0,1,1,0,0,0,0,0,0,0,0,1,1,0,0,0,0,0,0,0,1,1,1,1,1,1,1,1,1,1
148,43,-16,-63,-115,-155,-198,-229,-255,-277,-299,-319,-337,-351,-365,-376,-387,-396,-403,-411,-416,-423,-426,-426,-401,-346,-257,-188,-101,-42,18,69,107,152,179,216,248,278,319,337,0,0,1,0,0,0,0,0,0,0,0,1,1,1,1,1,1,1,1,1,1,1,1,1,1,1,1,1,1,1,1,1,1,1,1,1,1,1,0,0
-364,-227,-149,-71,-8,43,84,125,164,233,258,281,298,318,333,343,358,365,378,385,394,388,364,329,275,228,165,103,41,-13,-66,-118,-167,-199,-229,-256,-284,-304,-327,-341,1,1,1,1,1,1,1,1,1,1,1,1,0,0,0,0,0,0,1,1,0,0,0,0,0,0,0,1,0,1,1,0,0,0,0,0,0,0,1,1
355,372,382,389,394,377,356,308,261,205,134,44,-66,-156,-224,-276,-313,-330,-347,-364,-377,-387,-396,-404,-412,-418,-424,-428,-423,-395,-331,-231,-151,-75,-17,43,98,132,173,205,0,1,1,0,0,0,0,0,0,0,0,1,1,0,0,0,1,1,1,1,1,1,1,1,1,1,1,1,1,1,1,1,1,1,1,1,1,1,1,1
-386,-402,-410,-416,-421,-425,-430,-410,-356,-301,-209,-140,-61,4,53,98,137,177,213,239,262,284,307,324,340,348,364,370,382,390,394,377,335,294,240,175,117,55,-4,-72,1,1,1,1,1,1,1,1,1,1,1,1,1,1,1,1,1,1,1,1,1,1,0,0,0,0,0,1,1,0,0,0,0,0,0,0,0,1,1,0
194,249,274,292,313,332,342,356,364,376,385,394,388,360,328,275,227,153,86,29,-37,-84,-150,-218,-244,-274,-296,-320,-341,-352,-368,-382,-403,-410,-416,-423,-415,-367,-291,-197,1,1,1,0,0,0,0,0,0,1,0,0,0,0,0,0,0,0,0,0,1,1,0,0,0,0,0,1,1,1,1,1,1,1,1,1,1,1,1,1
-254,-295,-318,-339,-356,-367,-379,-388,-398,-404,-412,-416,-423,-426,-420,-375,-293,-210,-124,-65,7,60,105,151,186,252,280,298,320,335,347,364,373,380,390,390,376,333,280,239,0,0,1,1,1,1,1,1,1,1,1,1,1,1,1,1,1,1,1,1,1,1,1,1,1,1,1,0,0,0,0,0,1,1,0,0,0,0,0,0
118,181,215,248,268,289,311,325,345,353,367,374,386,394,386,359,305,261,192,145,66,4,-49,-108,-155,-200,-232,-257,-287,-304,-328,-343,-359,-374,-384,-396,-403,-411,-416,-426,1,1,1,1,1,1,0,0,0,0,1,1,1,0,0,0,0,0,0,0,0,0,1,0,0,0,0,0,0,0,1,1,1,1,1,1,1,1,1,1
-39,-125,-168,-208,-239,-262,-287,-311,-328,-342,-356,-372,-382,-392,-400,-407,-414,-420,-424,-425,-401,-340,-277,-171,-103,-34,33,79,129,160,196,228,253,275,295,318,332,346,356,369,1,0,0,0,0,0,0,1,1,1,1,1,1,1,1,1,1,1,1,1,1,1,1,1,1,1,1,1,1,1,1,1,1,1,1,0,0,0,0,1
-180,-52,5,49,96,139,182,213,245,268,290,311,324,342,355,367,377,383,395,381,356,295,240,177,114,53,-11,-65,-124,-164,-200,-239,-266,-294,-314,-332,-349,-364,-377,-388,1,1,1,1,1,1,1,1,1,1,1,0,0,0,0,0,0,0,0,0,0,0,0,0,0,0,1,1,0,0,0,0,0,0,1,1,1,1,1,1
394,365,323,278,215,136,73,9,-40,-100,-150,-190,-224,-248,-276,-298,-322,-340,-354,-370,-380,-391,-400,-406,-413,-419,-424,-424,-401,-351,-271,-166,-86,-19,34,84,125,164,205,230,0,0,0,0,0,0,0,1,1,0,0,0,0,0,0,0,1,1,1,1,1,1,1,1,1,1,1,1,1,1,1,1,1,1,1,1,1,1,1,1
-397,-410,-415,-422,-425,-422,-311,-205,-123,-50,19,71,118,158,194,226,252,274,299,321,334,349,360,374,384,391,392,367,324,275,222,145,74,11,-44,-98,-151,-190,-224,-254,1,1,1,1,1,1,1,1,1,1,1,1,1,1,1,1,1,1,0,0,0,0,0,0,1,0,0,0,0,0,0,0,0,0,1,1,0,0,0,0
310,337,350,360,374,383,392,392,370,340,293,239,170,104,56,-10,-59,-122,-163,-202,-238,-259,-286,-310,-328,-344,-358,-373,-383,-392,-401,-409,-415,-422,-425,-422,-396,-330,-245,-163,0,0,0,0,1,1,0,0,0,0,0,0,0,0,0,1,1,0,0,0,0,0,0,1,1,1,1,1,1,1,1,1,1,1,1,1,1,1,1,1
-315,-342,-358,-374,-384,-394,-402,-410,-422,-425,-421,-391,-319,-216,-138,-58,-2,60,112,151,188,223,249,272,293,311,331,347,357,370,382,392,390,377,340,285,236,166,103,31,1,1,1,1,1,1,1,1,1,1,1,1,1,1,1,1,1,1,1,1,1,1,1,1,1,0,0,0,1,0,1,0,0,0,0,0,0,0,0,0
164,221,248,296,316,333,344,359,367,379,388,391,389,360,334,281,227,177,108,52,-16,-127,-164,-205,-236,-266,-286,-311,-329,-341,-358,-372,-384,-394,-400,-407,-413,-420,-424,-425,1,1,1,0,0,0,0,0,0,1,1,0,0,0,0,0,0,0,0,0,1,0,0,0,0,0,0,1,1,1,1,1,1,1,1,1,1,1,1,1
-124,-191,-224,-258,-283,-301,-320,-337,-354,-367,-378,-389,-396,-406,-411,-416,-423,-426,-407,-352,-251,-161,-102,-23,25,83,126,165,200,227,258,284,304,319,335,352,366,376,381,392,0,0,0,0,0,1,1,1,1,1,1,1,1,1,1,1,1,1,1,1,1,1,1,1,1,1,1,1,1,1,1,1,0,0,0,0,0,0,1,0
-60,41,83,118,154,191,227,248,274,293,311,322,338,354,366,374,380,390,392,370,342,295,254,191,136,79,22,-32,-92,-127,-170,-212,-239,-269,-286,-311,-330,-341,-358,-371,1,1,1,1,1,1,1,1,1,1,0,0,0,0,0,0,1,0,0,0,0,0,0,0,0,0,1,1,0,0,0,0,0,0,0,1,1,1,1,1
370,385,390,393,371,342,293,241,192,122,64,-32,-133,-190,-220,-246,-277,-299,-318,-337,-349,-364,-375,-386,-394,-402,-410,-415,-422,-425,-424,-398,-344,-250,-163,-90,-27,25,81,120,1,1,0,0,0,0,0,0,0,0,0,0,0,0,0,0,0,0,1,1,1,1,1,1,1,1,1,1,1,1,1,1,1,1,1,1,1,1,1,1
-367,-386,-395,-402,-410,-416,-422,-426,-420,-386,-319,-245,-161,-85,-19,35,89,127,167,201,234,265,287,306,319,337,353,361,374,380,393,390,369,335,293,238,170,121,42,-22,1,1,1,1,1,1,1,1,1,1,1,1,1,1,1,1,1,1,1,1,1,1,1,0,0,0,0,0,1,1,0,0,0,0,0,0,0,0,0,1
143,204,235,257,277,298,317,330,347,359,369,379,384,395,386,353,310,254,201,133,64,14,-46,-100,-145,-182,-216,-246,-271,-293,-314,-334,-351,-366,-377,-387,-397,-404,-412,-416,1,1,1,1,1,1,0,0,0,0,0,1,1,0,0,0,0,0,0,0,0,0,1,0,0,0,0,0,0,0,1,1,1,1,1,1,1,1,1,1
102,-1,-59,-102,-144,-183,-209,-243,-272,-290,-312,-330,-349,-365,-375,-400,-410,-416,-421,-425,-424,-399,-347,-268,-164,-84,-19,36,88,130,169,206,235,260,283,301,322,335,352,360,0,1,1,0,0,0,0,0,0,0,1,1,1,1,1,1,1,1,1,1,1,1,1,1,1,1,1,1,1,1,1,1,1,1,1,0,0,0,0,0
-376,-245,-161,-84,-30,31,74,119,158,187,222,249,273,292,310,323,340,354,361,372,379,389,394,376,340,288,248,184,114,69,0,-44,-101,-143,-181,-220,-262,-288,-310,-331,1,1,1,1,1,1,1,1,1,1,1,1,1,1,0,0,0,0,0,0,1,0,0,0,0,0,0,0,0,0,1,1,0,0,0,0,0,0,1,1
342,365,376,381,393,391,373,340,290,246,178,107,54,-7,-59,-115,-158,-192,-226,-256,-286,-305,-325,-342,-353,-370,-379,-391,-400,-406,-412,-419,-424,-425,-413,-363,-291,-192,-108,-50,0,0,1,1,0,0,0,0,0,0,0,0,1,1,1,0,0,0,0,0,0,0,1,1,1,1,1,1,1,1,1,1,1,1,1,1,1,1,1,1
-339,-364,-375,-387,-396,-402,-410,-415,-422,-425,-425,-404,-363,-271,-181,-100,-32,21,74,117,161,190,221,247,269,294,312,328,338,354,367,374,385,395,384,336,275,218,115,-12,1,1,1,1,1,1,1,1,1,1,1,1,1,1,1,1,1,1,1,1,1,1,1,1,1,1,0,0,0,0,0,1,1,0,0,0,0,0,0,1
228,269,285,307,322,338,350,365,376,381,394,384,367,323,282,230,165,110,40,-23,-73,-125,-160,-200,-228,-259,-284,-305,-327,-339,-356,-372,-382,-392,-400,-408,-414,-420,-424,-426,1,1,1,0,0,0,0,0,0,0,0,0,0,0,0,0,0,0,1,0,1,0,0,0,0,0,0,1,1,1,1,1,1,1,1,1,1,1,1,1
-118,-184,-218,-247,-279,-298,-319,-338,-351,-366,-376,-387,-397,-404,-412,-416,-423,-426,-416,-377,-306,-204,-140,-50,11,64,113,146,190,226,265,293,319,335,345,361,374,383,393,388,0,0,0,0,0,0,1,1,1,1,1,1,1,1,1,1,1,1,1,1,1,1,1,1,1,1,1,1,1,1,1,1,0,0,0,0,0,1,0,0
13,96,134,165,223,247,270,288,310,326,346,359,368,379,388,394,374,322,281,230,168,101,36,-18,-77,-123,-166,-202,-233,-259,-282,-306,-328,-342,-358,-372,-384,-391,-401,-407,1,1,1,1,1,1,1,1,0,0,0,0,1,1,0,0,0,0,0,0,0,0,1,1,1,0,0,0,0,0,0,1,1,1,1,1,1,1,1,1
286,192,133,58,13,-51,-92,-138,-170,-208,-239,-267,-292,-310,-329,-346,-358,-372,-380,-391,-400,-406,-412,-418,-423,-425,-388,-320,-227,-152,-79,-7,49,96,131,170,211,237,264,285,0,0,0,1,1,1,0,0,0,0,0,0,0,1,1,1,1,1,1,1,1,1,1,1,1,1,1,1,1,1,1,1,1,1,1,1,1,1,1,1
-409,-418,-423,-426,-422,-389,-324,-232,-151,-96,-27,21,72,115,145,181,211,237,292,311,324,340,354,366,376,379,391,390,379,347,302,250,197,142,80,14,-37,-87,-130,-174,1,1,1,1,1,1,1,1,1,1,1,1,1,1,1,1,1,1,1,0,0,0,0,0,0,0,0,0,0,0,0,0,0,0,1,1,1,0,0,0
201,248,271,289,310,326,337,352,360,373,382,390,392,368,347,296,254,191,121,62,-2,-50,-104,-152,-181,-219,-246,-302,-322,-337,-353,-368,-380,-391,-399,-407,-412,-419,-424,-426,1,1,1,1,0,0,0,0,0,1,1,0,0,0,0,0,0,0,0,0,1,1,0,0,0,0,0,1,1,1,1,1,1,1,1,1,1,1,1,1
-49,-128,-169,-208,-231,-259,-281,-301,-322,-334,-351,-366,-376,-387,-394,-402,-410,-414,-421,-424,-425,-411,-362,-277,-198,-115,-47,9,59,97,142,180,216,242,262,287,307,323,335,348,1,0,0,0,0,0,0,1,1,1,1,1,1,1,1,1,1,1,1,1,1,1,1,1,1,1,1,1,1,1,1,1,1,1,1,1,0,0,0,0
-399,-289,-202,-116,-54,-1,53,95,144,172,205,233,258,302,321,335,346,360,371,379,389,391,388,357,329,273,224,168,97,56,-12,-71,-113,-161,-188,-223,-246,-275,-300,-318,1,1,1,1,1,1,1,1,1,1,1,1,1,0,0,0,0,0,0,1,0,0,0,0,0,0,0,0,0,0,1,1,0,0,0,0,0,0,0,1
325,349,356,369,377,389,395,388,355,317,275,213,161,88,34,-22,-77,-119,-176,-236,-277,-302,-318,-338,-350,-366,-378,-388,-398,-404,-412,-419,-423,-426,-422,-384,-306,-218,-128,-68,0,0,0,0,1,0,0,0,0,0,0,0,0,0,0,1,1,0,0,0,0,1,1,1,1,1,1,1,1,1,1,1,1,1,1,1,1,1,1,1
-316,-344,-359,-373,-383,-391,-401,-408,-414,-420,-424,-426,-410,-364,-293,-200,-110,-42,17,68,114,151,186,224,247,274,295,313,332,342,357,366,379,390,395,382,346,311,179,114,1,1,1,1,1,1,1,1,1,1,1,1,1,1,1,1,1,1,1,1,1,1,1,1,1,1,0,0,0,0,0,0,0,0,0,0,0,0,0,0
155,213,235,262,287,307,324,335,350,365,374,384,394,385,349,288,225,162,98,28,-26,-87,-135,-174,-210,-239,-270,-294,-318,-335,-350,-365,-377,-390,-398,-406,-413,-419,-424,-426,1,1,1,1,1,0,0,0,0,0,1,1,0,0,0,0,0,0,0,0,1,0,0,0,0,0,0,0,1,1,1,1,1,1,1,1,1,1,1,1
-80,-155,-193,-229,-253,-280,-303,-326,-349,-364,-377,-386,-396,-404,-412,-419,-424,-426,-409,-359,-274,-191,-104,-28,44,97,158,225,254,277,302,323,338,352,360,376,385,391,386,349,0,0,0,0,0,0,1,1,1,1,1,1,1,1,1,1,1,1,1,1,1,1,1,1,1,1,1,1,1,1,0,0,0,0,0,0,1,0,0,0
94,161,197,223,249,272,293,314,337,355,367,377,386,391,389,361,328,268,212,154,83,29,-34,-87,-139,-183,-217,-248,-276,-300,-320,-337,-352,-367,-383,-392,-401,-410,-415,-421,1,1,1,1,1,1,1,0,0,0,0,1,0,0,0,0,0,0,0,0,0,1,1,0,0,0,0,0,0,0,1,1,1,1,1,1,1,1,1,1
85,-20,-77,-122,-167,-205,-235,-263,-291,-308,-331,-348,-364,-377,-386,-397,-404,-412,-420,-424,-426,-410,-263,-166,-98,-22,38,94,141,181,221,249,271,295,316,330,347,356,371,381,0,1,1,0,0,0,0,0,0,1,1,1,1,1,1,1,1,1,1,1,1,1,1,1,1,1,1,1,1,1,1,1,1,1,0,0,0,0,0,1
-210,-79,-13,46,88,134,172,206,236,260,286,301,321,334,347,361,370,382,392,393,370,331,292,230,170,97,42,-25,-87,-124,-171,-209,-245,-275,-293,-316,-334,-351,-367,-378,1,1,1,1,1,1,1,1,1,1,1,0,0,0,0,0,1,1,0,0,0,0,0,0,0,0,0,1,1,0,0,0,0,0,0,1,1,1,1,1
392,383,349,293,228,175,101,44,-25,-85,-130,-179,-210,-276,-298,-322,-340,-353,-372,-380,-394,-402,-410,-416,-422,-426,-419,-384,-289,-166,-62,0,58,109,146,187,227,259,281,301,0,0,0,0,0,0,0,1,1,0,0,0,0,0,0,1,1,1,1,1,1,1,1,1,1,1,1,1,1,1,1,1,1,1,1,1,1,1,1,0
-416,-425,-425,-400,-344,-270,-174,-97,-20,31,81,128,165,240,261,287,308,326,345,356,368,374,386,394,378,348,295,254,186,136,56,-15,-72,-130,-163,-209,-244,-265,-293,-312,1,1,1,1,1,1,1,1,1,1,1,1,1,1,1,1,0,0,0,0,0,1,1,0,0,0,0,0,0,0,1,1,1,0,0,0,0,0,0,1
366,382,390,392,364,332,278,218,155,89,24,-50,-108,-152,-191,-226,-260,-287,-311,-331,-347,-364,-376,-388,-397,-406,-413,-419,-425,-425,-401,-336,-242,-137,-65,2,65,112,157,192,0,1,0,0,0,0,0,0,0,0,1,0,0,0,0,0,0,0,1,1,1,1,1,1,1,1,1,1,1,1,1,1,1,1,1,1,1,1,1,1
-388,-402,-410,-415,-422,-425,-352,-254,-166,-85,-8,52,100,145,186,222,254,273,298,316,334,350,366,376,381,393,386,353,311,258,202,128,72,0,-54,-109,-159,-192,-233,-262,1,1,1,1,1,1,1,1,1,1,1,1,1,1,1,1,1,1,0,0,0,0,0,1,1,0,0,0,0,0,0,0,0,1,1,0,0,0,0,0
324,348,357,374,383,392,393,366,331,275,216,162,90,31,-30,-89,-132,-181,-216,-251,-280,-299,-322,-339,-355,-368,-383,-392,-401,-408,-414,-422,-426,-419,-373,-300,-195,-113,-38,26,0,0,0,0,1,0,0,0,0,0,0,0,0,0,1,0,0,0,0,0,0,0,1,1,1,1,1,1,1,1,1,1,1,1,1,1,1,1,1,1
-343,-370,-383,-392,-401,-415,-422,-426,-420,-395,-326,-239,-138,-58,-8,53,98,141,192,226,252,278,295,317,335,347,365,374,384,394,383,359,317,266,209,134,69,1,-54,-107,1,1,1,1,1,1,1,1,1,1,1,1,1,1,1,1,1,1,1,1,1,1,1,0,0,0,0,0,1,0,0,0,0,0,0,0,1,1,1,0
205,251,275,295,314,328,345,358,367,378,386,394,384,348,317,262,208,134,64,20,-44,-94,-144,-187,-223,-256,-278,-302,-323,-339,-356,-367,-382,-391,-400,-407,-414,-420,-424,-425,1,1,1,0,0,0,0,0,0,1,1,0,0,0,0,0,0,0,1,1,1,0,0,0,0,0,0,0,1,1,1,1,1,1,1,1,1,1,1,1
-109,-181,-218,-254,-279,-303,-324,-339,-355,-368,-383,-392,-401,-410,-413,-420,-425,-425,-390,-281,-150,-76,-3,56,96,138,175,213,240,263,287,308,329,341,354,364,378,383,394,384,0,0,0,0,0,1,1,1,1,1,1,1,1,1,1,1,1,1,1,1,1,1,1,1,1,1,1,1,1,1,1,0,0,0,0,0,1,0,0,0
-12,79,125,161,192,228,254,278,302,320,334,345,359,373,381,392,390,377,336,289,229,166,108,38,-11,-75,-126,-167,-208,-233,-266,-294,-312,-332,-346,-364,-375,-386,-396,-404,1,1,1,1,1,1,1,1,0,0,0,0,0,0,1,0,0,0,0,0,0,0,0,0,1,1,0,0,0,0,0,0,1,1,1,1,1,1,1,1
285,188,128,61,10,-44,-106,-143,-188,-219,-246,-277,-298,-320,-337,-351,-366,-376,-389,-402,-411,-416,-422,-426,-419,-375,-284,-196,-109,-50,21,77,121,162,192,229,252,277,301,320,0,0,0,1,1,0,0,0,0,0,0,0,1,1,1,1,1,1,1,1,1,1,1,1,1,1,1,1,1,1,1,1,1,1,1,1,1,1,0,0
-424,-413,-353,-265,-178,-103,-29,29,77,115,154,191,221,248,268,293,309,325,341,354,365,371,383,394,385,368,325,289,230,174,116,45,-4,-65,-113,-154,-197,-229,-263,-282,1,1,1,1,1,1,1,1,1,1,1,1,1,1,1,1,0,0,0,0,0,0,0,0,0,0,0,0,0,0,0,0,1,0,0,0,0,0,0,0
321,346,358,369,380,384,394,381,356,314,270,201,131,71,14,-43,-103,-156,-192,-224,-254,-282,-306,-325,-343,-358,-374,-385,-395,-402,-410,-415,-422,-426,-415,-377,-291,-204,-109,-39,0,0,0,0,1,0,0,0,0,0,0,0,0,1,1,1,0,0,0,0,0,0,1,1,1,1,1,1,1,1,1,1,1,1,1,1,1,1,1,1
-339,-364,-376,-386,-397,-404,-412,-418,-423,-426,-412,-366,-282,-197,-104,-35,20,95,174,229,256,283,305,322,334,352,366,372,385,391,388,358,307,258,203,137,62,-4,-60,-109,1,1,1,1,1,1,1,1,1,1,1,1,1,1,1,1,1,1,1,1,1,1,0,0,0,0,0,1,0,0,0,0,0,0,0,0,0,1,1,0
254,292,311,326,341,355,367,379,385,394,382,364,312,264,216,146,89,22,-36,-96,-145,-180,-217,-246,-281,-305,-322,-341,-356,-371,-383,-392,-401,-408,-414,-420,-425,-424,-400,-338,1,1,0,0,0,0,0,1,0,0,0,0,0,0,0,0,0,0,1,0,0,0,0,0,0,1,1,1,1,1,1,1,1,1,1,1,1,1,1,1
-224,-272,-296,-318,-334,-351,-366,-378,-390,-397,-404,-413,-420,-424,-426,-408,-365,-279,-180,-100,-25,30,86,153,224,251,275,297,317,333,344,359,367,380,390,390,379,337,295,242,0,0,0,1,1,1,1,1,1,1,1,1,1,1,1,1,1,1,1,1,1,1,1,1,1,1,1,1,0,0,0,0,1,1,0,0,0,0,0,0
154,211,239,293,312,330,342,356,365,376,385,393,392,366,333,280,218,177,108,61,-4,-59,-113,-158,-194,-229,-256,-306,-326,-339,-356,-372,-383,-392,-398,-406,-413,-420,-424,-425,1,1,1,1,0,0,0,0,1,1,1,0,0,0,0,0,0,0,0,0,1,0,0,0,0,0,0,1,1,1,1,1,1,1,1,1,1,1,1,1
-86,-157,-193,-228,-257,-277,-299,-318,-339,-356,-368,-382,-391,-400,-406,-413,-419,-423,-426,-418,-374,-305,-224,-132,-61,10,68,113,153,185,218,248,274,294,316,333,347,364,378,389,0,0,0,0,0,0,1,1,1,1,1,1,1,1,1,1,1,1,1,1,1,1,1,1,1,1,1,1,1,1,1,1,1,1,0,0,0,0,1,0
-54,49,90,122,163,201,229,256,281,297,318,332,347,361,372,380,386,394,377,337,297,232,178,107,49,-6,-62,-112,-160,-194,-231,-262,-284,-310,-324,-342,-358,-371,-384,-391,1,1,1,1,1,1,1,1,1,0,0,0,0,0,1,1,0,0,0,0,0,0,0,0,0,1,1,0,0,0,0,0,0,1,1,1,1,1,1,1
393,350,308,261,205,155,81,20,-32,-84,-125,-168,-204,-232,-257,-282,-310,-325,-363,-375,-384,-394,-401,-410,-415,-421,-425,-425,-399,-351,-278,-184,-109,-5,48,97,141,174,212,239,0,0,0,0,0,0,1,1,1,1,0,0,0,0,0,0,1,1,1,1,1,1,1,1,1,1,1,1,1,1,1,1,1,1,1,1,1,1,1,1
-399,-411,-416,-422,-426,-419,-384,-315,-232,-157,-84,-7,45,91,129,167,205,230,258,278,298,318,330,347,356,368,379,389,394,381,356,310,268,208,150,89,22,-34,-95,-136,1,1,1,1,1,1,1,1,1,1,1,1,1,1,1,1,1,1,1,1,0,0,0,0,0,0,1,0,0,0,0,0,0,0,0,0,1,0,0,0
179,233,257,281,301,316,333,344,360,370,377,389,391,383,349,302,247,181,124,61,2,-59,-114,-157,-199,-231,-264,-284,-308,-327,-342,-362,-375,-385,-394,-402,-411,-416,-422,-425,1,1,1,1,0,0,0,0,0,0,0,0,0,0,0,0,0,0,0,1,1,1,0,0,0,0,0,0,1,1,1,1,1,1,1,1,1,1,1,1
-36,-123,-208,-243,-265,-289,-306,-327,-343,-354,-370,-383,-392,-400,-407,-413,-419,-424,-425,-403,-350,-282,-157,-12,45,93,133,170,208,236,260,285,309,330,338,355,369,376,388,394,1,0,0,0,0,0,1,1,1,1,1,1,1,1,1,1,1,1,1,1,1,1,1,1,1,1,1,1,1,1,1,1,0,0,0,0,0,1,0,0
-15,76,119,151,182,216,242,268,287,307,324,338,353,361,374,380,392,393,374,338,288,241,179,115,57,-8,-59,-111,-151,-190,-226,-253,-277,-299,-318,-337,-351,-365,-376,-387,1,1,1,1,1,1,1,1,1,0,0,0,1,0,0,0,0,0,0,0,0,0,0,0,1,1,1,0,0,0,0,0,0,1,1,1,1,1,1,1
393,350,306,250,209,144,74,23,-42,-95,-144,-181,-212,-245,-265,-291,-311,-330,-347,-363,-375,-384,-394,-403,-411,-421,-425,-423,-322,-240,-145,-70,4,58,105,145,181,214,245,272,0,0,0,0,0,0,0,1,0,1,0,0,0,0,0,0,1,1,1,1,1,1,1,1,1,1,1,1,1,1,1,1,1,1,1,1,1,1,1,1
-402,-413,-419,-425,-421,-395,-336,-257,-171,-99,-22,33,78,119,157,201,232,258,280,299,321,335,350,361,373,383,389,393,371,335,281,236,166,96,47,-23,-71,-131,-175,-205,1,1,1,1,1,1,1,1,1,1,1,1,1,1,1,1,1,1,1,0,0,0,0,0,1,1,0,0,0,0,0,0,0,0,0,1,0,0,0,0
269,307,324,341,350,365,371,384,394,391,372,331,292,232,179,115,36,-19,-80,-124,-171,-207,-235,-266,-288,-313,-330,-347,-364,-374,-386,-397,-404,-412,-416,-424,-426,-416,-368,-299,1,0,0,0,0,0,0,0,0,0,0,0,0,0,0,0,1,1,0,0,0,0,0,0,0,1,1,1,1,1,1,1,1,1,1,1,1,1,1,1
-272,-311,-329,-347,-364,-374,-386,-396,-403,-411,-416,-423,-426,-410,-368,-293,-197,-121,-35,25,77,120,161,202,228,258,282,304,325,335,353,362,377,383,394,385,349,310,250,205,0,1,1,1,1,1,1,1,1,1,1,1,1,1,1,1,1,1,1,1,1,1,1,1,1,1,1,0,0,0,0,0,1,0,0,0,0,0,0,0
160,221,245,274,290,312,332,344,360,370,380,389,391,379,341,298,238,174,110,41,-17,-79,-126,-176,-217,-256,-293,-316,-338,-351,-366,-380,-388,-400,-406,-413,-420,-424,-424,-394,1,1,1,1,1,0,0,0,0,0,1,0,0,0,0,0,0,0,0,0,1,1,0,0,0,0,1,1,1,1,1,1,1,1,1,1,1,1,1,1
-192,-246,-275,-301,-320,-338,-353,-370,-380,-391,-400,-407,-414,-420,-424,-425,-403,-342,-254,-162,-87,-15,42,90,130,170,211,237,266,283,307,326,338,356,367,378,383,394,384,349,0,0,0,0,1,1,1,1,1,1,1,1,1,1,1,1,1,1,1,1,1,1,1,1,1,1,1,1,1,1,0,0,0,0,1,1,0,0,0,0
55,130,168,198,228,254,277,295,320,334,349,361,370,384,393,386,368,326,280,220,150,86,25,-35,-98,-148,-187,-220,-253,-278,-303,-327,-344,-362,-378,-391,-401,-408,-414,-421,1,1,1,1,1,1,1,0,0,0,0,0,1,1,0,0,0,0,0,0,0,0,1,1,0,0,0,0,0,0,0,1,1,1,1,1,1,1,1,1
84,-22,-84,-126,-169,-206,-238,-268,-298,-313,-332,-347,-365,-377,-386,-396,-403,-412,-419,-423,-426,-414,-371,-295,-199,-109,-43,19,71,118,161,199,228,259,283,301,321,334,350,361,0,1,0,0,0,0,0,0,1,1,1,1,1,1,1,1,1,1,1,1,1,1,1,1,1,1,1,1,1,1,1,1,1,1,1,0,0,0,0,0
-271,-95,16,156,226,268,288,310,325,342,356,366,378,383,394,382,360,313,259,203,130,71,2,-60,-102,-151,-185,-224,-257,-278,-304,-322,-342,-359,-372,-384,-394,-403,-411,-416,1,1,1,1,1,1,1,0,0,0,0,0,0,0,0,0,0,0,0,0,0,0,1,1,0,0,0,0,0,0,0,1,1,1,1,1,1,1,1,1
109,5,-53,-104,-151,-188,-224,-251,-280,-295,-319,-336,-350,-379,-390,-400,-407,-413,-420,-424,-425,-403,-355,-272,-184,-103,-32,33,83,119,163,201,238,262,284,301,322,343,368,378,0,1,1,0,0,0,0,0,0,1,1,1,1,1,1,1,1,1,1,1,1,1,1,1,1,1,1,1,1,1,1,1,1,1,1,0,0,0,0,0
-159,-34,26,88,124,164,201,232,263,281,305,323,340,356,367,377,388,393,370,334,282,224,169,97,50,-22,-75,-125,-173,-203,-240,-267,-292,-316,-330,-350,-366,-377,-390,-401,1,1,1,1,1,1,1,1,1,1,0,0,0,0,0,0,0,0,0,0,0,0,0,0,0,1,1,0,0,0,0,0,1,1,1,1,1,1,1,1
322,236,180,112,47,-7,-77,-127,-168,-204,-233,-265,-287,-313,-331,-348,-365,-374,-387,-396,-404,-412,-418,-424,-425,-406,-348,-286,-180,-110,-39,29,78,124,158,200,230,254,277,301,0,0,0,0,0,1,1,0,0,0,0,0,0,1,1,1,1,1,1,1,1,1,1,1,1,1,1,1,1,1,1,1,1,1,1,1,1,1,1,0
-422,-425,-406,-348,-270,-187,-92,-23,37,90,133,175,208,239,264,286,311,326,344,355,369,379,389,394,377,349,295,244,172,109,49,-23,-77,-135,-182,-219,-252,-275,-305,-326,1,1,1,1,1,1,1,1,1,1,1,1,1,1,1,1,0,0,0,0,1,0,0,0,0,0,0,0,0,0,0,1,1,0,0,0,0,0,1,1
362,379,383,394,382,350,308,256,209,137,71,7,-59,-128,-180,-228,-271,-302,-324,-343,-358,-375,-386,-396,-403,-411,-416,-423,-426,-410,-359,-263,-166,-88,-23,35,85,128,174,206,0,1,0,0,0,0,0,0,0,0,0,1,1,0,0,0,0,0,1,1,1,1,1,1,1,1,1,1,1,1,1,1,1,1,1,1,1,1,1,1
-376,-392,-401,-410,-414,-420,-425,-423,-392,-338,-248,-173,-95,-26,30,79,126,164,201,235,259,282,305,322,340,352,365,371,384,390,390,366,326,284,234,173,98,44,-15,-74,1,1,1,1,1,1,1,1,1,1,1,1,1,1,1,1,1,1,1,1,1,1,0,0,0,0,0,1,0,0,0,0,0,0,0,0,0,0,1,1
163,218,246,271,295,314,331,346,355,368,378,388,394,369,332,265,212,143,79,-53,-115,-154,-194,-227,-260,-287,-306,-327,-343,-359,-374,-384,-394,-402,-410,-415,-422,-426,-416,-380,1,1,1,1,1,0,0,0,0,0,0,1,0,0,0,0,0,0,0,1,0,0,0,0,0,0,1,1,1,1,1,1,1,1,1,1,1,1,1,1
-240,-284,-305,-328,-340,-356,-372,-382,-392,-399,-408,-414,-420,-424,-425,-401,-339,-246,-158,-89,-19,34,81,128,166,201,233,258,278,301,318,336,347,362,374,385,393,388,373,302,0,0,1,1,1,1,1,1,1,1,1,1,1,1,1,1,1,1,1,1,1,1,1,1,1,1,1,1,1,0,0,0,1,0,1,0,0,0,0,0
114,175,210,237,263,286,306,321,334,348,361,370,382,386,394,382,346,312,259,206,136,72,22,-40,-82,-134,-171,-210,-244,-265,-291,-311,-330,-348,-359,-375,-386,-396,-404,-410,1,1,1,1,1,1,0,0,0,0,0,0,1,0,0,0,0,0,0,0,0,0,1,0,1,0,0,0,0,0,0,1,1,1,1,1,1,1,1,1
217,110,50,0,-64,-114,-159,-193,-230,-260,-283,-310,-326,-343,-362,-374,-385,-394,-402,-410,-415,-422,-426,-416,-386,-307,-218,-138,-56,-4,58,106,150,193,234,266,285,309,325,341,0,0,0,1,0,0,0,0,0,0,0,1,1,1,1,1,1,1,1,1,1,1,1,1,1,1,1,1,1,1,1,1,1,1,1,1,1,0,0,0
-424,-366,-292,-199,-123,-56,16,66,112,154,188,217,247,273,292,311,324,342,358,365,379,383,394,385,357,322,273,221,151,95,-41,-99,-135,-181,-215,-251,-278,-296,-319,-337,1,1,1,1,1,1,1,1,1,1,1,1,1,1,1,0,0,0,0,0,0,0,0,0,0,0,0,0,0,1,0,0,0,0,0,0,0,1,1,1
368,385,393,389,359,328,276,218,164,94,38,-28,-89,-134,-173,-207,-245,-274,-295,-316,-334,-353,-366,-380,-390,-398,-406,-413,-420,-425,-424,-397,-340,-232,-118,-39,25,74,127,160,1,0,0,0,0,0,0,0,0,0,1,0,0,0,0,0,0,0,1,1,1,1,1,1,1,1,1,1,1,1,1,1,1,1,1,1,1,1,1,1
-376,-392,-401,-409,-414,-421,-425,-422,-319,-232,-146,-82,-15,41,91,136,177,209,240,263,287,311,325,341,352,367,378,383,394,384,362,316,260,211,152,88,20,-25,-87,-136,1,1,1,1,1,1,1,1,1,1,1,1,1,1,1,1,1,1,1,1,1,0,0,0,0,1,1,0,0,0,0,0,0,0,0,0,0,0,1,0
211,257,282,301,320,335,348,358,372,382,390,393,369,337,292,235,181,113,52,-22,-82,-124,-170,-205,-238,-267,-289,-313,-330,-347,-361,-376,-391,-399,-406,-413,-421,-426,-410,-355,1,1,1,0,0,0,1,0,0,1,0,0,0,0,0,0,0,0,1,1,1,0,0,0,0,0,0,1,1,1,1,1,1,1,1,1,1,1,1,1
-200,-253,-279,-304,-319,-337,-352,-368,-380,-387,-397,-404,-412,-419,-424,-425,-411,-367,-290,-207,-122,-54,1,52,101,141,177,209,239,264,287,307,321,338,350,364,374,378,390,394,0,0,0,1,1,1,1,1,1,1,1,1,1,1,1,1,1,1,1,1,1,1,1,1,1,1,1,1,1,1,1,0,0,0,0,0,1,1,0,0
-120,-6,48,84,122,166,199,229,254,275,294,316,333,344,357,365,377,386,394,388,355,322,268,134,86,17,-42,-102,-149,-180,-220,-262,-291,-311,-331,-349,-363,-374,-385,-396,1,1,1,1,1,1,1,1,1,1,0,0,0,0,0,1,0,0,0,0,0,0,0,0,0,1,1,0,0,0,0,0,0,1,1,1,1,1,1,1
389,340,281,216,161,91,35,-16,-70,-111,-157,-196,-223,-254,-275,-302,-322,-336,-351,-364,-376,-387,-396,-404,-411,-416,-422,-425,-422,-403,-349,-284,-184,-108,-53,10,61,112,152,181,0,0,0,0,0,0,1,0,0,0,0,0,0,0,0,1,1,1,1,1,1,1,1,1,1,1,1,1,1,1,1,1,1,1,1,1,1,1,1,1
-386,-400,-407,-414,-420,-424,-426,-414,-368,-312,-231,-144,-77,-5,40,84,124,175,258,298,325,336,352,365,378,386,394,385,353,324,269,214,165,95,49,-19,-74,-112,-157,-186,1,1,1,1,1,1,1,1,1,1,1,1,1,1,1,1,1,1,1,0,0,0,0,0,1,0,0,0,0,0,0,0,0,1,0,1,1,0,0,0
247,285,300,320,330,345,358,365,378,381,393,389,374,335,302,258,203,154,88,31,-18,-71,-110,-156,-190,-217,-244,-268,-294,-311,-329,-346,-362,-374,-383,-391,-399,-406,-412,-418,1,1,0,0,0,0,0,1,1,0,0,0,0,0,0,0,0,0,0,1,0,1,0,0,0,0,0,0,0,1,1,1,1,1,1,1,1,1,1,1
104,-5,-58,-92,-135,-170,-206,-239,-263,-284,-303,-325,-342,-354,-367,-378,-390,-397,-404,-411,-416,-422,-425,-423,-388,-331,-242,-161,-80,-26,29,78,120,162,189,222,247,268,292,335,1,1,0,1,0,0,0,0,0,0,1,1,1,1,1,1,1,1,1,1,1,1,1,1,1,1,1,1,1,1,1,1,1,1,1,1,1,1,1,0
-413,-330,-254,-168,-95,-32,23,70,115,148,182,247,268,290,307,324,338,348,364,369,385,386,320,245,184,131,67,9,-40,-89,-127,-171,-208,-236,-262,-284,-331,-343,-358,-372,1,1,1,1,1,1,1,1,1,1,1,1,1,1,0,0,0,0,0,0,0,0,0,0,0,0,0,0,0,0,0,0,0,0,0,0,1,1,1,1
378,392,394,377,352,312,266,211,162,103,42,-14,-70,-132,-207,-254,-277,-300,-318,-336,-351,-364,-376,-385,-394,-402,-408,-414,-420,-424,-425,-411,-366,-299,-223,-145,-64,-4,47,96,1,0,0,0,0,0,0,0,0,0,0,1,0,0,0,0,0,1,1,1,1,1,1,1,1,1,1,1,1,1,1,1,1,1,1,1,1,1,1,1
-347,-370,-382,-390,-397,-404,-410,-415,-422,-425,-424,-402,-349,-272,-210,-134,-72,-8,62,115,163,193,227,250,274,293,316,334,350,362,374,382,386,394,369,329,282,220,166,107,1,1,1,1,1,1,1,1,1,1,1,1,1,1,1,1,1,1,1,1,1,1,1,1,1,1,0,0,0,0,1,1,0,0,0,0,0,0,0,0
131,194,226,250,276,298,313,331,343,355,367,374,384,391,393,371,344,296,245,192,124,59,-5,-132,-206,-254,-275,-300,-322,-337,-351,-366,-380,-389,-397,-404,-412,-418,-423,-426,1,1,1,1,1,0,0,0,0,0,0,0,0,0,0,0,0,0,0,0,0,0,1,0,0,0,0,1,1,1,1,1,1,1,1,1,1,1,1,1
-22,-107,-149,-192,-223,-246,-271,-292,-313,-328,-344,-359,-368,-380,-387,-397,-404,-413,-422,-425,-419,-384,-335,-244,-164,-78,-10,41,86,124,165,199,228,256,276,296,316,332,343,357,0,0,0,0,0,0,0,0,1,1,1,1,1,1,1,1,1,1,1,1,1,1,1,1,1,1,1,1,1,1,1,1,1,1,1,0,0,0,0,0
-305,-159,-86,-16,34,77,121,158,199,226,250,275,297,319,332,345,355,367,374,386,394,382,362,320,273,213,152,95,26,-23,-84,-128,-166,-207,-232,-264,-291,-311,-330,-351,1,1,1,1,1,1,1,1,1,1,1,1,0,0,0,0,0,0,1,0,0,0,0,0,0,0,0,0,1,0,0,0,0,0,0,0,0,1,1,1
368,385,393,390,362,334,268,155,96,23,-40,-155,-191,-226,-254,-277,-305,-323,-341,-356,-370,-382,-391,-401,-410,-414,-420,-424,-424,-401,-351,-257,-173,-95,-38,30,83,126,164,196,1,0,0,0,0,0,0,0,0,1,0,0,0,0,0,0,1,1,1,1,1,1,1,1,1,1,1,1,1,1,1,1,1,1,1,1,1,1,1,1
-387,-402,-410,-415,-426,-416,-379,-311,-132,-66,-6,56,98,140,174,208,238,260,285,304,324,340,352,364,370,382,392,393,373,338,298,242,124,54,-4,-58,-114,-148,-192,-222,1,1,1,1,1,1,1,1,1,1,1,1,1,1,1,1,1,1,1,0,0,0,0,0,1,1,0,0,0,0,0,0,0,0,1,1,0,0,0,0
272,306,320,338,352,365,374,381,393,390,369,329,274,225,153,83,29,-36,-88,-138,-175,-215,-246,-272,-295,-315,-334,-351,-366,-377,-387,-400,-407,-413,-420,-424,-424,-404,-340,-255,1,0,0,0,0,0,0,0,0,0,0,0,0,0,0,0,1,0,0,0,0,0,0,0,1,1,1,1,1,1,1,1,1,1,1,1,1,1,1,1
-258,-298,-319,-339,-351,-366,-377,-388,-401,-416,-423,-425,-414,-372,-300,-206,-123,-50,13,71,117,157,191,223,251,273,299,316,334,344,360,372,377,390,393,376,333,286,239,182,0,1,1,1,1,1,1,1,1,1,1,1,1,1,1,1,1,1,1,1,1,1,1,1,1,1,0,0,0,0,0,0,0,0,0,0,0,0,0,0
126,189,222,247,275,293,313,331,347,364,370,382,393,386,377,336,284,225,158,109,41,-22,-142,-180,-220,-253,-276,-308,-326,-346,-363,-374,-385,-394,-403,-411,-416,-423,-425,-412,1,1,1,1,1,1,0,0,0,0,1,0,0,0,0,0,0,0,0,0,1,1,0,0,0,0,0,1,1,1,1,1,1,1,1,1,1,1,1,1
-191,-244,-270,-303,-324,-346,-360,-385,-395,-401,-413,-416,-423,-425,-418,-376,-289,-208,-123,-64,1,50,100,144,180,212,240,268,287,306,322,338,355,364,376,385,394,383,362,322,0,0,0,1,1,1,1,1,1,1,1,1,1,1,1,1,1,1,1,1,1,1,1,1,1,1,1,1,1,0,0,0,0,0,1,0,0,0,0,0
10,96,137,172,202,234,258,278,299,318,334,346,360,368,379,389,391,386,358,322,201,137,91,26,-18,-79,-128,-166,-208,-232,-262,-286,-310,-328,-340,-356,-371,-382,-391,-398,1,1,1,1,1,1,1,1,0,0,0,0,0,1,0,0,0,0,0,0,0,0,0,1,1,0,0,0,0,0,0,0,1,1,1,1,1,1,1,1
367,297,246,184,124,70,-1,-50,-108,-148,-183,-221,-247,-277,-296,-317,-335,-349,-366,-377,-388,-397,-404,-413,-419,-424,-424,-406,-349,-292,-192,-106,-38,23,66,118,153,188,226,253,0,0,0,0,0,0,1,0,0,0,0,0,0,0,1,1,1,1,1,1,1,1,1,1,1,1,1,1,1,1,1,1,1,1,1,1,1,1,1,1
-406,-416,-422,-425,-419,-394,-331,-251,-171,-106,32,85,117,156,188,221,246,266,293,308,326,338,367,379,390,390,355,313,257,216,148,79,33,-99,-135,-181,-219,-242,-272,-291,1,1,1,1,1,1,1,1,1,1,1,1,1,1,1,1,1,1,1,0,0,0,0,0,0,0,0,0,0,0,0,0,1,0,0,0,0,0,0,0
349,368,378,388,390,389,367,324,284,236,187,117,50,-4,-53,-101,-148,-190,-218,-245,-270,-294,-315,-331,-349,-363,-375,-384,-394,-402,-410,-414,-420,-425,-423,-400,-340,-282,-182,-113,0,1,0,0,0,0,0,0,0,0,0,0,0,1,0,0,0,0,0,0,0,1,1,1,1,1,1,1,1,1,1,1,1,1,1,1,1,1,1,1
-324,-350,-365,-375,-387,-396,-403,-411,-415,-423,-425,-413,-372,-302,-214,-132,-65,-2,52,96,137,176,210,240,273,298,323,335,350,359,371,384,390,390,373,335,286,232,177,118,1,1,1,1,1,1,1,1,1,1,1,1,1,1,1,1,1,1,1,1,1,1,1,1,1,0,0,0,0,0,1,1,0,0,0,0,0,0,0,0
118,181,215,242,269,293,312,330,341,354,361,379,391,389,361,317,274,214,156,88,18,-32,-91,-133,-175,-214,-242,-271,-293,-318,-334,-351,-366,-377,-387,-396,-404,-413,-419,-424,1,1,1,1,1,1,0,0,0,0,0,0,0,0,0,0,0,0,0,0,0,0,0,0,0,0,0,0,1,1,1,1,1,1,1,1,1,1,1,1
14,-78,-126,-172,-199,-230,-258,-286,-308,-320,-338,-353,-368,-379,-387,-397,-404,-412,-416,-422,-425,-420,-377,-264,-149,-73,-15,42,88,129,169,208,237,292,312,325,341,352,366,378,1,0,0,0,0,0,0,0,1,1,1,1,1,1,1,1,1,1,1,1,1,1,1,1,1,1,1,1,1,1,1,1,1,1,0,0,0,0,1,1
-216,-77,-14,41,80,125,160,192,223,248,274,294,311,325,340,355,362,373,384,393,386,371,334,284,246,180,121,50,-15,-58,-114,-155,-198,-233,-254,-282,-304,-347,-361,-373,1,1,1,1,1,1,1,1,1,1,1,0,0,0,0,0,1,0,1,0,0,0,0,0,0,0,0,0,1,1,0,0,0,0,0,0,1,1,1,1
379,393,392,369,333,297,236,189,119,72,11,-107,-143,-184,-211,-244,-269,-289,-311,-328,-346,-359,-372,-384,-391,-400,-406,-412,-419,-422,-425,-415,-373,-303,-238,-149,-78,-16,42,90,0,0,0,0,0,0,0,0,0,0,1,0,0,0,0,0,0,0,1,1,1,1,1,1,1,1,1,1,1,1,1,1,1,1,1,1,1,1,1,1
-363,-394,-401,-410,-415,-420,-425,-424,-398,-346,-272,-176,-109,-31,19,67,110,146,191,221,248,270,292,309,325,341,356,366,373,384,393,384,367,321,277,218,157,104,35,-8,1,1,1,1,1,1,1,1,1,1,1,1,1,1,1,1,1,1,1,1,1,1,1,0,0,0,0,1,1,0,0,0,0,0,0,0,0,0,0,1
120,182,210,244,270,292,314,328,344,356,367,377,381,394,384,368,325,287,228,166,109,41,-8,-68,-114,-152,-193,-222,-257,-283,-304,-325,-338,-373,-380,-391,-400,-406,-413,-419,1,1,1,1,1,1,0,0,0,0,0,1,0,0,0,0,0,0,0,0,0,0,1,0,0,0,0,0,0,0,1,1,1,1,1,1,1,1,1,1
142,36,-18,-58,-111,-154,-191,-224,-252,-274,-293,-318,-334,-347,-361,-373,-384,-392,-401,-408,-413,-420,-424,-425,-411,-370,-303,-224,-136,-77,-18,40,84,129,162,193,221,247,274,290,0,1,0,1,0,0,0,0,0,0,1,1,1,1,1,1,1,1,1,1,1,1,1,1,1,1,1,1,1,1,1,1,1,1,1,1,1,1,1,0
-420,-425,-412,-370,-298,-218,-151,-77,-19,33,79,121,156,190,221,245,270,285,307,322,338,352,367,386,391,389,360,323,276,226,172,100,53,-13,-63,-111,-162,-203,-231,-257,1,1,1,1,1,1,1,1,1,1,1,1,1,1,1,1,1,1,0,0,0,0,1,0,0,0,0,0,0,0,0,0,0,1,0,0,0,0,0,0
298,326,341,352,364,370,380,389,391,386,359,319,249,177,115,46,-4,-65,-112,-154,-193,-220,-252,-276,-301,-323,-337,-352,-367,-378,-390,-401,-411,-415,-422,-425,-419,-382,-319,-239,0,0,0,0,0,1,0,0,0,0,0,0,0,0,0,0,1,0,0,0,0,0,0,0,1,1,1,1,1,1,1,1,1,1,1,1,1,1,1,1
-264,-304,-322,-339,-352,-366,-377,-388,-397,-403,-412,-416,-423,-425,-416,-380,-324,-234,-145,-79,-14,35,86,129,162,198,227,252,278,298,317,334,345,360,371,377,389,391,384,354,0,1,1,1,1,1,1,1,1,1,1,1,1,1,1,1,1,1,1,1,1,1,1,1,1,1,1,1,1,0,0,0,0,0,0,0,0,0,0,0
2,85,130,162,193,233,257,281,300,318,334,344,359,367,379,384,394,381,345,304,247,198,122,53,7,-54,-100,-149,-192,-218,-251,-277,-302,-323,-337,-352,-367,-378,-389,-400,1,1,1,1,1,1,1,1,0,0,0,0,0,1,0,0,0,0,0,0,0,0,0,0,1,0,0,0,0,0,0,0,1,1,1,1,1,1,1,1
380,318,271,211,136,83,16,-46,-104,-143,-184,-221,-246,-275,-292,-316,-332,-348,-365,-376,-387,-396,-403,-411,-414,-422,-425,-422,-387,-342,-257,-167,-79,-4,71,134,172,211,239,264,0,0,0,0,0,0,1,0,0,0,0,0,0,0,1,1,1,1,1,1,1,1,1,1,1,1,1,1,1,1,1,1,1,1,1,1,1,1,1,1
-412,-421,-425,-416,-377,-319,-238,-160,-72,-19,35,85,128,172,198,230,257,280,300,319,335,346,359,371,380,391,389,380,344,298,239,173,125,54,8,-56,-114,-152,-197,-223,1,1,1,1,1,1,1,1,1,1,1,1,1,1,1,1,1,1,0,0,0,0,0,1,0,0,0,0,0,0,0,0,0,0,1,1,0,0,0,0
268,304,320,335,346,360,371,377,390,390,379,337,298,239,186,125,48,-5,-71,-116,-160,-199,-229,-264,-291,-312,-331,-347,-365,-376,-386,-396,-404,-412,-420,-425,-419,-387,-313,-236,1,0,0,0,0,0,1,0,0,0,0,0,0,0,0,0,0,1,1,0,0,0,0,0,0,1,1,1,1,1,1,1,1,1,1,1,1,1,1,1
-274,-334,-349,-366,-377,-386,-396,-404,-411,-416,-425,-406,-365,-291,-206,-124,-38,12,67,115,156,200,227,254,274,299,320,333,349,357,371,379,389,393,378,341,283,245,174,117,0,1,1,1,1,1,1,1,1,1,1,1,1,1,1,1,1,1,1,1,1,1,1,1,1,0,0,0,0,0,0,0,0,0,0,0,0,0,0,0
158,217,241,272,294,313,331,342,358,369,376,388,391,383,352,299,254,190,127,58,0,-61,-113,-159,-195,-228,-260,-287,-310,-328,-344,-364,-378,-394,-401,-416,-422,-425,-412,-366,1,1,1,1,1,0,0,0,0,1,0,0,0,0,0,0,0,0,0,1,1,0,0,0,0,0,0,0,1,1,1,1,1,1,1,1,1,1,1,1
-166,-224,-254,-281,-303,-323,-340,-358,-372,-382,-392,-401,-410,-414,-421,-425,-422,-387,-325,-229,-139,-73,-4,54,102,144,185,217,249,269,293,316,330,347,359,370,381,385,393,379,0,0,0,0,1,1,1,1,1,1,1,1,1,1,1,1,1,1,1,1,1,1,1,1,1,1,1,1,1,1,1,0,0,0,0,1,0,0,0,0
25,107,148,178,212,241,266,292,309,325,342,356,369,376,388,391,385,352,301,252,184,128,53,-8,-72,-128,-170,-205,-239,-268,-295,-317,-343,-365,-383,-394,-402,-410,-416,-423,1,1,1,1,1,1,1,1,0,0,0,0,0,1,0,0,0,0,0,0,0,0,0,1,0,0,0,0,0,0,1,1,1,1,1,1,1,1,1,1
62,-39,-96,-138,-178,-217,-250,-272,-301,-317,-337,-353,-367,-380,-388,-407,-413,-420,-425,-422,-388,-332,-239,-149,-86,19,126,180,220,247,274,297,321,335,350,361,374,381,394,386,0,0,0,0,0,0,0,0,1,1,1,1,1,1,1,1,1,1,1,1,1,1,1,1,1,1,1,1,1,1,1,0,0,0,0,0,1,0,0,0
45,126,166,202,234,262,285,305,320,336,352,361,374,382,393,390,364,335,284,233,163,94,-24,-86,-123,-172,-211,-246,-290,-316,-339,-354,-372,-384,-392,-401,-410,-415,-422,-425,1,1,1,1,1,1,1,0,0,0,0,0,0,0,0,0,0,0,0,0,0,0,0,0,0,0,0,0,0,1,1,1,1,1,1,1,1,1,1,1
-36,-135,-194,-233,-262,-283,-310,-328,-347,-360,-374,-384,-394,-402,-410,-415,-421,-425,-416,-380,-315,-231,-148,-67,0,60,107,146,182,214,246,270,294,311,329,345,356,368,379,389,0,0,0,0,0,0,1,1,1,1,1,1,1,1,1,1,1,1,1,1,1,1,1,1,1,1,1,1,1,1,1,1,0,0,0,0,0,0,0,0
-85,22,70,105,151,190,227,251,275,295,317,335,346,361,371,380,386,394,376,329,287,230,177,105,45,-11,-68,-114,-164,-200,-232,-260,-286,-311,-327,-347,-365,-376,-387,-396,1,1,1,1,1,1,1,1,1,0,0,0,0,0,0,0,0,0,0,0,0,0,0,0,0,1,0,0,0,0,0,0,0,1,1,1,1,1,1,1
353,213,154,88,33,-23,-88,-134,-175,-210,-243,-272,-300,-318,-338,-352,-370,-383,-391,-399,-406,-413,-420,-424,-424,-402,-347,-287,-181,-100,-32,34,77,127,158,194,229,256,282,300,0,0,0,1,1,0,0,0,0,0,0,0,1,1,1,1,1,1,1,1,1,1,1,1,1,1,1,1,1,1,1,1,1,1,1,1,1,1,1,0
-420,-425,-406,-358,-278,-193,-123,-50,10,71,118,160,192,226,252,273,295,311,331,343,356,368,374,388,391,386,349,302,253,200,144,73,11,-42,-100,-143,-191,-221,-253,-278,1,1,1,1,1,1,1,1,1,1,1,1,1,1,1,1,0,0,0,0,0,0,0,0,0,0,0,0,0,0,0,1,0,0,0,0,0,0,0,0
330,352,366,372,384,390,390,358,319,269,216,153,92,31,-36,-95,-138,-179,-212,-246,-274,-298,-318,-337,-353,-367,-380,-391,-400,-407,-413,-421,-424,-423,-394,-340,-236,-159,-71,-2,0,0,0,0,0,0,0,0,0,0,0,0,0,0,1,0,0,0,0,0,0,1,1,1,1,1,1,1,1,1,1,1,1,1,1,1,1,1,1,1
-332,-358,-373,-385,-392,-401,-409,-415,-421,-425,-422,-398,-335,-248,-181,-96,-22,45,97,137,174,208,237,262,285,302,322,334,350,364,374,384,390,389,366,321,282,223,137,4,1,1,1,1,1,1,1,1,1,1,1,1,1,1,1,1,1,1,1,1,1,1,1,1,1,0,0,0,0,0,1,0,0,0,0,0,0,0,0,1
199,248,274,292,314,332,345,357,365,378,388,391,386,357,323,273,218,128,61,7,-53,-102,-152,-193,-227,-258,-281,-308,-329,-346,-364,-374,-397,-404,-412,-419,-424,-424,-403,-347,1,1,1,0,0,0,0,0,1,1,0,0,0,0,0,0,0,0,0,1,0,0,0,0,0,0,0,1,1,1,1,1,1,1,1,1,1,1,1,1
-190,-245,-280,-305,-325,-340,-372,-384,-394,-400,-408,-414,-420,-424,-425,-403,-343,-272,-179,-113,-35,20,69,119,161,194,226,256,281,301,335,352,365,371,382,389,391,369,324,289,0,0,0,1,1,1,1,1,1,1,1,1,1,1,1,1,1,1,1,1,1,1,1,1,1,1,1,1,1,0,0,0,0,0,0,0,0,0,0,0
124,190,224,253,275,297,312,331,347,355,369,379,388,394,380,355,300,256,188,141,67,6,-44,-103,-147,-192,-226,-252,-281,-300,-323,-340,-355,-372,-380,-392,-401,-408,-415,-420,1,1,1,1,1,0,0,0,0,0,1,1,0,0,0,0,0,0,0,0,0,0,0,0,0,0,0,0,0,1,1,1,1,1,1,1,1,1,1,1
61,-35,-87,-126,-172,-203,-236,-264,-287,-308,-325,-343,-358,-374,-385,-394,-402,-410,-415,-422,-414,-373,-308,-206,-121,-51,11,55,107,142,181,220,247,270,290,313,328,341,353,366,1,1,0,0,0,0,0,0,1,1,1,1,1,1,1,1,1,1,1,1,1,1,1,1,1,1,1,1,1,1,1,1,1,1,1,0,0,0,0,0
-277,-124,-54,11,57,102,149,182,221,252,275,298,314,333,346,359,371,377,389,391,380,342,296,245,182,122,56,-2,-64,-114,-155,-199,-231,-265,-291,-312,-331,-347,-365,-377,1,1,1,1,1,1,1,1,1,1,1,0,0,0,0,0,0,0,0,0,0,0,0,0,0,0,0,0,0,0,0,0,0,0,1,1,1,1,1,1
394,379,345,296,232,170,119,54,-2,-56,-111,-146,-190,-220,-247,-272,-301,-318,-334,-350,-365,-378,-388,-397,-404,-412,-419,-424,-425,-406,-359,-274,-194,-108,-43,19,76,121,167,197,0,0,0,0,0,0,0,0,1,0,0,0,0,0,0,0,1,1,1,1,1,1,1,1,1,1,1,1,1,1,1,1,1,1,1,1,1,1,1,1
-397,-411,-416,-423,-425,-414,-384,-313,-226,-139,-59,7,60,108,152,189,227,252,278,301,317,334,346,362,374,385,394,386,357,312,269,206,131,69,7,-47,-112,-159,-196,-228,1,1,1,1,1,1,1,1,1,1,1,1,1,1,1,1,1,1,1,0,0,0,0,0,0,1,0,0,0,0,0,0,0,0,1,0,0,0,0,0
293,324,341,353,367,378,388,394,374,322,268,205,131,67,11,-53,-99,-152,-191,-229,-262,-283,-310,-328,-346,-363,-374,-386,-396,-404,-412,-419,-424,-423,-396,-332,-240,-145,-68,-5,0,0,0,0,0,0,0,0,0,0,0,0,0,1,1,0,0,0,0,0,0,0,1,1,1,1,1,1,1,1,1,1,1,1,1,1,1,1,1,1
-331,-358,-373,-385,-392,-402,-411,-415,-422,-425,-375,-312,-222,-131,-71,-4,46,101,145,181,213,242,271,292,312,328,344,358,373,389,394,380,345,305,252,188,128,66,7,-59,1,1,1,1,1,1,1,1,1,1,1,1,1,1,1,1,1,1,1,1,1,1,1,0,0,0,0,0,1,0,0,0,0,0,0,0,0,1,1,0
201,249,275,294,316,333,350,367,382,390,393,369,337,283,245,176,108,50,-19,-77,-132,-174,-208,-242,-266,-293,-315,-337,-352,-365,-378,-390,-400,-409,-414,-421,-425,-418,-378,-324,1,1,1,0,0,0,0,1,1,0,0,0,0,0,0,0,0,0,1,0,0,0,0,0,0,0,1,1,1,1,1,1,1,1,1,1,1,1,1,1
-251,-295,-317,-338,-352,-366,-378,-388,-399,-406,-412,-419,-424,-423,-395,-337,-248,-164,-78,-14,53,100,137,180,215,248,272,293,311,329,347,360,372,380,390,392,370,332,276,235,0,1,1,1,1,1,1,1,1,1,1,1,1,1,1,1,1,1,1,1,1,1,1,1,1,1,1,1,0,0,0,0,0,0,0,0,0,0,0,0
174,230,253,282,299,319,342,354,369,379,389,391,383,342,302,250,181,122,46,-18,-71,-125,-164,-209,-241,-269,-295,-317,-338,-350,-367,-382,-391,-401,-407,-415,-422,-425,-416,-380,1,1,1,1,0,0,0,0,1,0,0,0,0,0,0,0,0,0,1,1,1,0,0,0,0,0,1,1,1,1,1,1,1,1,1,1,1,1,1,1
-218,-267,-292,-314,-337,-353,-372,-380,-391,-399,-406,-414,-420,-425,-423,-396,-322,-147,-70,-4,56,106,144,187,216,247,274,295,317,330,347,357,369,382,390,393,368,332,275,225,0,0,1,1,1,1,1,1,1,1,1,1,1,1,1,1,1,1,1,1,1,1,1,1,1,1,1,0,0,0,0,0,1,0,0,0,0,0,0,0
153,212,237,268,293,320,341,352,367,378,384,394,379,349,306,251,181,114,52,-19,-73,-131,-174,-212,-248,-275,-302,-324,-341,-356,-372,-385,-397,-404,-412,-419,-424,-425,-396,-334,1,1,1,1,0,0,0,0,0,1,0,0,0,0,0,0,0,0,1,0,0,0,0,0,0,0,1,1,1,1,1,1,1,1,1,1,1,1,1,1
-244,-289,-316,-335,-350,-365,-377,-389,-398,-406,-413,-420,-424,-422,-392,-327,-250,-157,-78,-4,54,97,143,182,217,246,271,295,316,329,346,359,368,380,386,394,378,336,293,239,0,1,1,1,1,1,1,1,1,1,1,1,1,1,1,1,1,1,1,1,1,1,1,1,1,1,1,0,0,0,0,0,0,1,0,0,0,0,0,0
118,185,220,247,270,290,314,333,346,359,368,380,390,389,376,335,283,218,155,95,-44,-102,-154,-193,-232,-264,-290,-312,-330,-350,-366,-378,-389,-398,-407,-414,-420,-425,-419,-376,1,1,1,1,1,1,0,0,0,0,0,0,0,0,0,0,0,0,0,0,0,0,0,0,0,0,1,1,1,1,1,1,1,1,1,1,1,1,1,1
-219,-266,-293,-317,-331,-349,-364,-376,-387,-396,-413,-420,-424,-423,-404,-347,-274,-172,-86,-30,33,77,127,169,205,235,264,296,319,335,348,364,371,384,394,382,347,294,245,180,0,0,1,1,1,1,1,1,1,1,1,1,1,1,1,1,1,1,1,1,1,1,1,1,1,1,1,1,0,0,0,0,1,0,0,0,0,0,0,0
175,232,259,282,306,324,338,350,361,373,384,384,369,321,286,227,158,110,42,-15,-83,-135,-167,-208,-236,-275,-299,-322,-341,-356,-374,-385,-396,-404,-411,-418,-423,-425,-402,-361,1,1,1,1,0,0,0,0,0,1,0,0,0,0,0,0,0,0,0,1,1,0,0,0,0,0,1,1,1,1,1,1,1,1,1,1,1,1,1,1
-223,-272,-296,-320,-338,-356,-386,-403,-416,-425,-421,-390,-330,-229,-150,-73,-3,52,102,144,186,217,247,270,296,320,335,348,358,371,382,389,393,368,340,285,234,174,103,37,0,0,1,1,1,1,1,1,1,1,1,1,1,1,1,1,1,1,1,1,1,1,1,1,0,0,0,0,0,1,0,0,0,0,0,0,0,0,0,1
191,240,262,290,309,326,345,353,367,373,385,391,388,360,325,281,225,173,104,48,-16,-74,-119,-167,-205,-234,-263,-284,-311,-325,-342,-359,-372,-384,-391,-403,-414,-421,-425,-423,1,1,1,1,0,0,0,0,1,1,0,0,0,0,0,0,0,0,0,0,1,1,0,0,0,0,0,0,1,1,1,1,1,1,1,1,1,1,1,1
-181,-236,-263,-287,-310,-325,-344,-361,-374,-385,-394,-403,-411,-416,-423,-425,-403,-350,-272,-178,-98,-20,29,79,125,166,202,229,260,281,305,325,341,356,365,378,384,394,384,299,0,0,0,0,1,1,1,1,1,1,1,1,1,1,1,1,1,1,1,1,1,1,1,1,1,1,1,1,1,1,0,0,0,0,1,1,0,0,0,0
95,166,197,225,253,273,294,311,331,345,359,369,377,389,394,376,350,301,252,191,136,68,8,-46,-99,-142,-184,-222,-250,-276,-299,-319,-339,-352,-367,-378,-391,-399,-408,-413,1,1,1,1,1,1,1,0,0,0,0,1,0,0,0,0,0,0,0,0,0,0,1,0,0,0,0,0,0,0,1,1,1,1,1,1,1,1,1,1
238,139,80,33,-23,-87,-124,-166,-197,-232,-260,-284,-310,-324,-343,-359,-372,-383,-391,-400,-407,-413,-420,-424,-423,-397,-351,-275,-190,-118,-48,22,71,117,153,187,222,246,274,295,0,0,1,0,1,1,0,0,0,0,0,0,1,1,1,1,1,1,1,1,1,1,1,1,1,1,1,1,1,1,1,1,1,1,1,1,1,1,1,0
-420,-425,-411,-361,-304,-218,-50,16,66,107,145,179,215,240,261,282,305,329,345,357,366,378,388,394,385,355,322,265,217,156,90,31,-28,-80,-137,-181,-215,-244,-270,-296,1,1,1,1,1,1,1,1,1,1,1,1,1,1,1,1,0,0,0,0,1,0,0,0,0,0,0,0,0,0,0,0,1,1,0,0,0,0,0,1
324,347,359,367,380,390,394,385,354,322,268,225,160,91,49,-13,-70,-123,-166,-191,-226,-255,-290,-312,-327,-343,-356,-374,-385,-394,-403,-410,-415,-422,-425,-419,-391,-328,-250,-163,0,0,0,1,1,0,0,0,0,0,0,0,0,0,0,1,1,0,0,0,0,0,1,1,1,1,1,1,1,1,1,1,1,1,1,1,1,1,1,1
-295,-330,-346,-364,-374,-384,-394,-401,-415,-421,-425,-423,-403,-348,-278,-184,-95,-8,59,102,149,182,212,240,268,290,313,331,342,355,368,378,389,391,388,356,321,273,216,158,1,1,1,1,1,1,1,1,1,1,1,1,1,1,1,1,1,1,1,1,1,1,1,1,1,1,0,0,0,0,1,1,0,0,0,0,0,0,0,0
108,173,206,240,260,282,299,318,335,346,358,365,378,388,394,389,365,336,286,238,174,117,67,5,-34,-92,-133,-170,-208,-229,-260,-286,-305,-344,-355,-372,-384,-392,-401,-407,1,1,1,1,1,1,0,0,0,0,0,0,0,0,0,0,0,0,0,0,0,0,0,1,0,0,0,0,0,0,0,0,1,1,1,1,1,1,1,1
313,234,178,120,64,16,-44,-99,-138,-173,-205,-239,-272,-317,-347,-370,-384,-396,-404,-411,-416,-423,-425,-415,-384,-315,-224,-148,-67,-14,47,96,133,170,200,235,259,278,298,319,0,0,0,0,1,1,0,0,0,0,0,0,0,1,1,1,1,1,1,1,1,1,1,1,1,1,1,1,1,1,1,1,1,1,1,1,1,1,0,0
-413,-423,-426,-415,-385,-335,-244,-164,-92,-30,46,94,131,168,199,229,258,275,301,316,333,343,358,369,374,386,394,385,352,313,273,212,158,89,29,-30,-88,-122,-170,-207,1,1,1,1,1,1,1,1,1,1,1,1,1,1,1,1,1,1,0,0,0,0,0,0,0,0,0,0,0,0,0,0,0,0,1,0,0,0,0,0
229,280,312,331,346,355,368,373,384,390,393,371,332,293,241,193,125,61,12,-34,-85,-138,-179,-210,-242,-265,-289,-311,-328,-341,-353,-370,-380,-391,-398,-404,-412,-416,-423,-425,1,1,0,0,0,0,1,1,0,0,0,0,0,0,0,0,0,1,1,1,0,0,0,0,0,0,1,1,1,1,1,1,1,1,1,1,1,1,1,1
-48,-130,-170,-209,-232,-258,-277,-302,-319,-335,-351,-366,-377,-387,-396,-403,-410,-416,-422,-425,-418,-392,-332,-254,-175,-102,-35,22,69,106,148,187,213,244,262,287,314,333,350,361,0,0,0,0,0,0,0,1,1,1,1,1,1,1,1,1,1,1,1,1,1,1,1,1,1,1,1,1,1,1,1,1,1,1,1,1,0,0,0,0
-300,-159,-87,-23,22,69,109,152,182,208,236,260,285,301,317,330,344,357,368,376,382,393,392,376,342,295,262,208,152,95,36,-19,-75,-118,-157,-194,-220,-248,-272,-296,1,1,1,1,1,1,1,1,1,1,1,1,1,0,0,0,0,0,0,1,0,0,0,0,0,0,0,0,0,0,1,1,0,0,0,0,0,0,0,1
282,314,330,340,352,365,371,382,389,394,377,357,312,265,220,157,108,43,-17,-64,-118,-155,-191,-224,-252,-279,-300,-320,-337,-350,-365,-376,-387,-396,-403,-411,-415,-421,-425,-423,1,0,0,0,0,0,1,0,0,0,0,0,0,0,0,0,0,0,1,0,0,0,0,0,0,0,1,1,1,1,1,1,1,1,1,1,1,1,1,1
-112,-181,-216,-246,-266,-290,-311,-326,-343,-352,-367,-378,-387,-397,-402,-410,-415,-420,-425,-424,-400,-356,-283,-191,-130,-59,-6,52,94,126,163,193,228,252,274,293,313,331,342,355,0,0,0,0,0,1,1,1,1,1,1,1,1,1,1,1,1,1,1,1,1,1,1,1,1,1,1,1,1,1,1,1,1,1,1,0,0,0,0,0
-382,-265,-183,-99,-35,14,64,103,146,170,203,232,254,299,320,334,345,357,364,376,385,390,393,377,346,301,252,218,155,112,45,-16,-54,-107,-136,-179,-209,-242,-268,-289,1,1,1,1,1,1,1,1,1,1,1,1,1,0,0,0,0,0,0,1,0,0,0,0,0,0,0,0,0,0,0,1,0,0,0,0,0,0,0,1
293,321,334,347,355,367,377,385,394,384,369,272,229,166,116,60,5,-41,-97,-133,-170,-205,-231,-291,-312,-328,-347,-360,-373,-382,-391,-400,-406,-413,-418,-424,-424,-391,-325,-260,0,0,0,0,0,0,1,0,0,0,0,0,0,0,0,0,1,0,0,0,0,0,0,1,1,1,1,1,1,1,1,1,1,1,1,1,1,1,1,1
-210,-257,-281,-303,-330,-347,-367,-378,-387,-396,-403,-411,-416,-422,-425,-424,-397,-344,-274,-185,-114,-38,36,131,163,196,227,253,278,295,317,330,346,360,369,379,384,394,380,359,0,0,0,1,1,1,1,1,1,1,1,1,1,1,1,1,1,1,1,1,1,1,1,1,1,1,1,1,1,0,0,0,0,0,0,0,0,0,0,0
36,110,143,173,208,238,260,275,298,318,330,346,353,367,371,384,393,390,377,340,310,256,212,153,92,46,-18,-70,-114,-158,-188,-226,-247,-277,-301,-319,-337,-348,-365,-376,1,1,1,1,1,1,1,1,0,0,0,0,0,0,0,0,0,0,0,0,0,0,0,0,0,1,1,0,0,0,0,0,0,0,1,1,1,1,1,1
378,393,389,374,323,278,227,165,108,44,-17,-71,-123,-160,-197,-230,-254,-281,-301,-320,-339,-367,-380,-389,-398,-406,-413,-419,-424,-425,-413,-370,-295,-211,-136,-64,8,57,102,137,1,0,0,0,0,0,0,0,0,0,1,1,0,0,0,0,0,0,1,1,1,1,1,1,1,1,1,1,1,1,1,1,1,1,1,1,1,1,1,1
-358,-378,-388,-398,-404,-411,-414,-422,-425,-424,-398,-350,-282,-195,-138,-62,-4,42,86,126,161,193,218,248,274,292,313,326,341,353,361,373,380,392,394,378,347,308,266,220,1,1,1,1,1,1,1,1,1,1,1,1,1,1,1,1,1,1,1,1,1,1,1,1,1,0,0,0,0,0,0,1,1,0,0,0,0,0,0,0
-52,41,88,118,152,190,218,241,263,283,304,338,352,361,370,376,388,394,380,354,307,269,213,151,107,42,-3,-61,-112,-144,-185,-212,-245,-268,-292,-315,-332,-348,-361,-374,1,1,1,1,1,1,1,1,1,1,0,0,0,0,1,0,0,0,0,0,0,0,0,0,0,0,1,0,0,0,0,0,0,0,1,1,1,1,1,1
371,386,393,389,378,341,297,262,210,163,100,38,-5,-55,-102,-148,-184,-211,-242,-265,-289,-305,-325,-342,-364,-379,-390,-398,-406,-412,-418,-423,-425,-409,-378,-313,-239,-147,-75,-26,0,0,0,0,0,0,0,0,0,0,0,0,1,0,0,0,0,0,0,0,1,1,1,1,1,1,1,1,1,1,1,1,1,1,1,1,1,1,1,1
-320,-347,-362,-374,-384,-392,-403,-410,-415,-422,-425,-420,-397,-335,-262,-173,-99,-41,22,67,115,148,180,211,235,265,287,306,321,335,349,359,370,377,389,391,385,357,313,271,1,1,1,1,1,1,1,1,1,1,1,1,1,1,1,1,1,1,1,1,1,1,1,1,1,1,1,0,0,0,0,0,1,1,0,0,0,0,0,0
-53,41,80,115,155,190,218,241,268,282,301,318,332,346,352,366,372,384,393,394,379,347,316,262,193,112,56,8,-48,-94,-145,-181,-210,-243,-263,-289,-310,-327,-343,-355,1,1,1,1,1,1,1,1,1,1,0,0,0,0,0,0,1,0,0,0,0,0,0,0,0,0,1,1,0,0,0,0,0,0,0,0,1,1,1,1
359,379,390,373,335,307,257,206,153,97,55,-6,-56,-102,-143,-172,-212,-238,-262,-284,-305,-324,-334,-351,-366,-375,-386,-392,-401,-407,-413,-419,-424,-425,-407,-375,-310,-248,-166,-100,0,1,0,0,0,0,0,0,0,0,1,1,1,0,0,0,0,0,0,0,1,1,1,1,1,1,1,1,1,1,1,1,1,1,1,1,1,1,1,1
-318,-343,-356,-368,-379,-388,-396,-403,-410,-414,-421,-425,-422,-398,-353,-284,-193,-122,-54,1,50,96,134,167,194,227,347,370,394,341,269,212,152,98,45,-7,-63,-99,-147,-181,1,1,1,1,1,1,1,1,1,1,1,1,1,1,1,1,1,1,1,1,1,1,1,1,1,1,0,1,0,0,0,0,0,0,0,0,0,0,0,0
265,300,316,328,342,355,366,370,383,390,394,382,349,314,270,218,174,115,58,1,-52,-91,-136,-174,-208,-238,-257,-282,-302,-319,-334,-351,-366,-376,-385,-392,-401,-408,-414,-420,1,0,0,0,0,0,0,0,0,0,0,0,0,0,0,0,0,0,1,1,0,0,0,0,0,0,0,0,1,1,1,1,1,1,1,1,1,1,1,1
144,19,-73,-134,-166,-199,-228,-257,-283,-301,-319,-332,-349,-364,-376,-391,-407,-414,-420,-424,-423,-403,-360,-293,-199,-122,-54,4,53,96,139,174,202,234,262,282,304,316,333,344,0,1,0,0,0,0,0,0,0,1,1,1,1,1,1,1,1,1,1,1,1,1,1,1,1,1,1,1,1,1,1,1,1,1,1,1,0,0,0,0
-424,-414,-379,-313,-253,-169,-104,-48,9,44,91,130,164,197,221,244,293,311,322,335,346,360,371,380,388,391,389,366,321,211,53,-44,-131,-172,-198,-264,-286,-305,-323,-339,1,1,1,1,1,1,1,1,1,1,1,1,1,1,1,1,1,0,0,0,0,0,1,0,0,0,0,0,0,0,1,0,0,0,0,0,0,1,1,1
354,370,379,388,391,388,359,332,278,240,184,124,77,23,-22,-75,-126,-159,-194,-222,-252,-275,-291,-313,-326,-344,-356,-370,-380,-387,-396,-403,-411,-416,-421,-426,-410,-351,-278,-210,0,1,1,0,0,0,0,0,0,0,0,0,1,0,1,0,0,0,0,0,0,0,1,1,1,1,1,1,1,1,1,1,1,1,1,1,1,1,1,1
-271,-308,-327,-371,-390,-403,-413,-422,-425,-421,-394,-331,-230,-128,-44,9,55,96,142,176,212,236,259,277,296,317,334,347,355,367,378,383,393,386,377,337,281,220,153,96,0,1,1,1,1,1,1,1,1,1,1,1,1,1,1,1,1,1,1,1,1,1,1,1,0,0,0,0,0,0,0,0,0,0,0,0,0,0,0,0
-4,79,114,145,177,210,239,259,281,294,313,331,338,355,364,373,379,389,394,380,359,319,284,233,184,136,80,32,-28,-73,-114,-159,-193,-238,-284,-322,-353,-378,-397,-410,1,1,1,1,1,1,1,1,1,0,0,0,0,0,0,0,1,0,0,0,0,0,0,0,0,0,1,0,0,0,0,0,0,0,0,1,1,1,1,1
394,361,323,284,234,192,140,82,34,-18,-126,-173,-214,-239,-264,-284,-312,-326,-341,-356,-368,-383,-390,-397,-403,-411,-424,-425,-411,-375,-313,-223,-145,-64,-16,38,88,127,167,192,0,0,0,0,0,0,0,0,0,1,0,0,0,0,0,0,1,1,1,1,1,1,1,1,1,1,1,1,1,1,1,1,1,1,1,1,1,1,1,1
